{
  "n_matched_flashes": 88,
  "active_frac_retained": 0.25850800090151005,
  "passive_frac_retained": 0.01983322064457967,
  "pupil_iqr": [
    2120.898390752235,
    2420.417907114625
  ],
  "running_iqr": [
    24.16689992463821,
    58.46690596512158
  ],
  "area_mi_matched": {
    "LGd": -0.2532643493753622,
    "VISp": -0.19958089889651875,
    "VISl": -0.10510112232795561,
    "VISal": -0.05335667615760179,
    "VISrl": -0.27785431692898077,
    "VISpm": -0.13995001037291022,
    "VISam": -0.20753809831809403,
    "CA1": -0.03924809450369315,
    "DG": 0.14877175795969588,
    "SCig": 0.17911677505778664,
    "MRN": -0.06782876070180072,
    "nan": -0.116665628930797
  },
  "area_mi_original": {
    "LGd": -0.2462852443238855,
    "VISp": -0.2395499337297809,
    "VISl": -0.1926998728017691,
    "VISal": -0.0770428185998062,
    "VISrl": -0.2644925548998467,
    "VISpm": -0.2047503172273977,
    "VISam": -0.2245840903861196,
    "CA1": -0.110866482752906,
    "DG": 0.1071886911231623,
    "SCig": 0.1702478859541108,
    "MRN": -0.069994803168406
  }
}