{
  "n_units_total": 508,
  "n_areas": 14,
  "session_wide_mi_mean": -0.15560178790416562,
  "session_wide_frac_sig": 0.9271653543307087,
  "area_mi": {
    "LGd": -0.24628524432388557,
    "VISp": -0.23954993372978092,
    "VISl": -0.19269987280176917,
    "VISal": -0.07704281859980625,
    "VISrl": -0.2644925548998467,
    "VISpm": -0.2047503172273977,
    "VISam": -0.22458409038611965,
    "MGd": -0.45471551115546865,
    "CA1": -0.11086648275290602,
    "DG": 0.10718869112316233,
    "SCig": 0.17024788595411083,
    "MRN": -0.06999480316840605,
    "NaN": -0.06196907760103078
  }
}