{
  "n_change": 183,
  "n_repeat": 183,
  "area_latencies_ms": {
    "LGd": 47.50000000000026,
    "VISp": 42.50000000000026,
    "VISl": 47.50000000000026,
    "VISal": 37.500000000000256,
    "VISrl": 42.50000000000026,
    "VISpm": 57.50000000000027,
    "VISam": 47.50000000000026,
    "MGd": 97.50000000000031,
    "CA1": null,
    "DG": null,
    "SCig": null,
    "MRN": 47.50000000000026,
    "nan": null
  },
  "area_change_amplification": {
    "LGd": 1.4873412535845965,
    "VISp": 1.605943071629653,
    "VISl": 1.6500928704100586,
    "VISal": 1.3023351932217397,
    "VISrl": 1.5729747824146387,
    "VISpm": 2.277811184606134,
    "VISam": 2.1554695743932437,
    "MGd": 5.024291497975717,
    "CA1": 1.1494036409290653,
    "DG": 1.4922374429223753,
    "SCig": 3.447928994082838,
    "MRN": 2.6659630606860154,
    "nan": 1.5826839826839822
  }
}