{
  "n_change_trials": 180,
  "n_hits": 157,
  "n_misses": 23,
  "univariate": {
    "pre_running": {
      "coef": -0.3153025034363653,
      "odds_ratio": 0.7295681440142827,
      "auroc": 0.6059263361949598,
      "n": 180.0
    },
    "pre_pupil": {
      "coef": -0.27138310720204356,
      "odds_ratio": 0.762324388490791,
      "auroc": 0.5087233453337026,
      "n": 180.0
    },
    "pre_face_movement": {
      "coef": 0.18913777148857747,
      "odds_ratio": 1.208207397548617,
      "auroc": 0.5441705898643036,
      "n": 180.0
    }
  },
  "multivariate_auroc": 0.610357241761285,
  "running_tertile": {
    "hit_rate_low": 0.9166666666666666,
    "hit_rate_mid": 0.8833333333333333,
    "hit_rate_high": 0.8166666666666667,
    "chi2": 2.791470506784824,
    "p": 0.24765088325903928
  },
  "pupil_tertile": {
    "hit_rate_low": 0.8833333333333333,
    "hit_rate_mid": 0.8333333333333334,
    "hit_rate_high": 0.9,
    "chi2": 1.2960398781500968,
    "p": 0.5230804832575084
  }
}