{
  "method": "ZETA test (Montijn 2021), parameter-free",
  "n_events": 1000,
  "n_units_total": 442,
  "n_units_sig_zeta_p<0.05": 319,
  "area_onset_ms": {
    "LGd": 66.00485368699083,
    "VISp": 58.332895630883286,
    "VISl": 58.76341759449133,
    "VISal": 49.551643789300215,
    "VISrl": 78.16167667402851,
    "VISpm": 66.26186492212582,
    "VISam": 68.0215643348987,
    "CA1": 119.6811875568109,
    "DG": 152.6696852971554,
    "SCig": 129.52794224395348,
    "MRN": 85.19862160619596,
    "nan": 140.8950198092498
  },
  "piet_2025_reference_ms": {
    "LGd": 38,
    "VISp": 44,
    "VISl": 45,
    "VISal": 46,
    "VISpm": 53,
    "VISam": 53
  }
}