{
  "A2_MI": {
    "LGd": {
      "mean": -0.11313841720116209,
      "frac_same_sign": 0.3333333333333333
    },
    "VISp": {
      "mean": -0.16442179276854973,
      "frac_same_sign": 1.0
    },
    "VISl": {
      "mean": -0.13223047246668665,
      "frac_same_sign": 1.0
    },
    "VISal": {
      "mean": -0.12999319880371654,
      "frac_same_sign": 1.0
    },
    "VISrl": {
      "mean": -0.221987698774652,
      "frac_same_sign": 1.0
    },
    "VISpm": {
      "mean": -0.14888712672187898,
      "frac_same_sign": 1.0
    },
    "VISam": {
      "mean": -0.14425795529454713,
      "frac_same_sign": 1.0
    },
    "CA1": {
      "mean": -0.08636421624105099,
      "frac_same_sign": 1.0
    },
    "DG": {
      "mean": 0.11890262470268335,
      "frac_same_sign": 0.6666666666666666
    },
    "ProS": {
      "mean": -0.15354065699127645,
      "frac_same_sign": 0.6666666666666666
    },
    "SCig": {
      "mean": 0.019785569805173393,
      "frac_same_sign": 0.6666666666666666
    },
    "MRN": {
      "mean": 0.010652489211760431,
      "frac_same_sign": 0.3333333333333333
    }
  },
  "B2_miss_ratio": {
    "LGd": {
      "mean": 2.317966206336312,
      "frac_same_sign": 0.6666666666666666
    },
    "VISp": {
      "mean": 2.603728808748419,
      "frac_same_sign": 1.0
    },
    "VISl": {
      "mean": 2.207517776558692,
      "frac_same_sign": 1.0
    },
    "VISal": {
      "mean": 1.7168398155124647,
      "frac_same_sign": 1.0
    },
    "VISrl": {
      "mean": 1.83153228084892,
      "frac_same_sign": 1.0
    },
    "VISpm": {
      "mean": 2.6709571909571914,
      "frac_same_sign": 1.0
    },
    "VISam": {
      "mean": 1.8686394063233915,
      "frac_same_sign": 1.0
    },
    "CA1": {
      "mean": 0.7614937094644171,
      "frac_same_sign": 1.0
    },
    "DG": {
      "mean": 0.7552404510884786,
      "frac_same_sign": 1.0
    },
    "ProS": {
      "mean": 0.9266145097963367,
      "frac_same_sign": 0.6666666666666666
    },
    "SCig": {
      "mean": 1.2032664970808378,
      "frac_same_sign": 1.0
    },
    "MRN": {
      "mean": 1.7845366078775269,
      "frac_same_sign": 1.0
    }
  },
  "B2_strict_ratio": {
    "LGd": {
      "mean": 1.9878411646127663,
      "frac_same_sign": 0.6666666666666666
    },
    "VISp": {
      "mean": 2.222065378159524,
      "frac_same_sign": 1.0
    },
    "VISl": {
      "mean": 1.7806648596955792,
      "frac_same_sign": 1.0
    },
    "VISal": {
      "mean": 1.6412066741894569,
      "frac_same_sign": 1.0
    },
    "VISrl": {
      "mean": 1.7441424093382902,
      "frac_same_sign": 1.0
    },
    "VISpm": {
      "mean": 3.7106138974529608,
      "frac_same_sign": 1.0
    },
    "VISam": {
      "mean": 2.589455446378853,
      "frac_same_sign": 1.0
    },
    "CA1": {
      "mean": 1.3643267229462863,
      "frac_same_sign": 1.0
    },
    "DG": {
      "mean": 1.3606578648330558,
      "frac_same_sign": 1.0
    },
    "ProS": {
      "mean": 0.8946415282772009,
      "frac_same_sign": 0.6666666666666666
    },
    "SCig": {
      "mean": 3.8446555072507906,
      "frac_same_sign": 0.6666666666666666
    },
    "MRN": {
      "mean": 2.295986945748287,
      "frac_same_sign": 0.6666666666666666
    }
  },
  "D2_full_r2": {
    "LGd": {
      "mean": -0.0224592110940388,
      "frac_same_sign": 0.6666666666666666
    },
    "VISp": {
      "mean": -0.005901159399307034,
      "frac_same_sign": 0.6666666666666666
    },
    "VISl": {
      "mean": -0.012489193979830998,
      "frac_same_sign": 0.6666666666666666
    },
    "VISal": {
      "mean": -0.007487210240061067,
      "frac_same_sign": 0.6666666666666666
    },
    "VISrl": {
      "mean": -0.029716069646780568,
      "frac_same_sign": 1.0
    },
    "VISpm": {
      "mean": -0.029641874276570532,
      "frac_same_sign": 1.0
    },
    "VISam": {
      "mean": -0.0093982331338371,
      "frac_same_sign": 0.6666666666666666
    },
    "CA1": {
      "mean": -0.17174205155197,
      "frac_same_sign": 1.0
    },
    "DG": {
      "mean": -0.04563648623682323,
      "frac_same_sign": 1.0
    },
    "ProS": {
      "mean": -0.02547485495574615,
      "frac_same_sign": 0.6666666666666666
    },
    "SCig": {
      "mean": -0.07420300554014006,
      "frac_same_sign": 0.6666666666666666
    },
    "MRN": {
      "mean": -0.1681131775603768,
      "frac_same_sign": 0.6666666666666666
    }
  },
  "D2_running": {
    "LGd": {
      "mean": 0.0077848142633835,
      "frac_same_sign": 0.6666666666666666
    },
    "VISp": {
      "mean": 0.005403981221824901,
      "frac_same_sign": 1.0
    },
    "VISl": {
      "mean": 0.004772647377781533,
      "frac_same_sign": 1.0
    },
    "VISal": {
      "mean": 0.005369967438635334,
      "frac_same_sign": 1.0
    },
    "VISrl": {
      "mean": 0.007130073616358101,
      "frac_same_sign": 1.0
    },
    "VISpm": {
      "mean": 0.0030285114842839335,
      "frac_same_sign": 0.6666666666666666
    },
    "VISam": {
      "mean": 0.006312864219803466,
      "frac_same_sign": 1.0
    },
    "CA1": {
      "mean": 0.012484492805094033,
      "frac_same_sign": 1.0
    },
    "DG": {
      "mean": 0.0029895666242109667,
      "frac_same_sign": 0.6666666666666666
    },
    "ProS": {
      "mean": 0.01294404282746125,
      "frac_same_sign": 0.6666666666666666
    },
    "SCig": {
      "mean": 0.017040264969638865,
      "frac_same_sign": 1.0
    },
    "MRN": {
      "mean": 0.022829482475760634,
      "frac_same_sign": 0.6666666666666666
    }
  },
  "H_delta_nc": {
    "LGd": {
      "mean": 0.0158199181924787,
      "frac_same_sign": 0.3333333333333333
    },
    "VISp": {
      "mean": 0.004338633613620166,
      "frac_same_sign": 0.6666666666666666
    },
    "VISl": {
      "mean": 0.006018952669856766,
      "frac_same_sign": 1.0
    },
    "VISal": {
      "mean": 0.0045125381556640675,
      "frac_same_sign": 1.0
    },
    "VISrl": {
      "mean": 0.002935186799323667,
      "frac_same_sign": 1.0
    },
    "VISpm": {
      "mean": 0.004711772573949233,
      "frac_same_sign": 1.0
    },
    "VISam": {
      "mean": 0.0035218225644686667,
      "frac_same_sign": 1.0
    },
    "CA1": {
      "mean": 0.0002987919737989665,
      "frac_same_sign": 0.6666666666666666
    },
    "DG": {
      "mean": 0.0057017510276243,
      "frac_same_sign": 0.6666666666666666
    },
    "ProS": {
      "mean": 0.0024846828874763,
      "frac_same_sign": 0.3333333333333333
    },
    "SCig": {
      "mean": 0.008175251645728599,
      "frac_same_sign": 0.6666666666666666
    },
    "MRN": {
      "mean": -0.0122466674479659,
      "frac_same_sign": 0.6666666666666666
    }
  }
}